"","logFC","AveExpr","t","P.Value","adj.P.Val","B"
"205478_at",-3.20037327656886,8.26088329511569,-11.23962697601,5.32340249575415e-19,1.1862137781289e-14,32.5225358397862
"219140_s_at",-4.09282955104385,8.91119383638522,-10.9401446617181,2.24341192101618e-18,2.49949739180018e-14,31.1406793326155
"266_s_at",3.9412310484353,9.00452006024389,10.8057643572727,4.28591263396162e-18,3.18343304075223e-14,30.5184321624348
"222317_at",-3.72311757866719,6.92115450472115,-10.5853133478663,1.24228403405821e-17,6.92045378272979e-14,29.4949807765605
"201650_at",4.6832689416366,8.26490533877492,10.4252525207416,2.69445767838342e-17,1.20081200894835e-13,28.7500185612261
"201839_s_at",2.38821322475924,9.88706357233632,10.309039612699,4.73068939400068e-17,1.75689919610862e-13,28.2082505407245
"210964_s_at",-2.30402656266245,9.51201038000298,-10.1073073033804,1.25838491596886e-16,4.00579872607631e-13,27.2662466049251
"221009_s_at",-2.12586591731009,7.33427630379317,-10.0185876012359,1.93581445317273e-16,5.39196918250598e-13,26.8514135507583
"219295_s_at",-2.54827738438025,9.89118300148237,-9.90526143157211,3.35684641734112e-16,8.31117874640136e-13,26.3211072924816
"43427_at",-3.00775898517869,9.43905558328848,-9.70313756672954,8.96656968367037e-16,1.99802072261227e-12,25.3743120529432
"202286_s_at",2.65151403441933,10.2991627071046,9.61358669588206,1.38599574907122e-15,2.72398707419002e-12,24.9545274779534
"205220_at",-1.62205215689471,9.02342499795762,-9.60191651000714,1.46694093660101e-15,2.72398707419002e-12,24.8998106867146
"212741_at",-2.70409394161362,9.81319423083714,-9.49310253784232,2.49045778482961e-15,4.26883621687371e-12,24.3895295731671
"205610_at",-1.66364505694813,8.62470978173236,-9.33020783983712,5.50063953717497e-15,8.75505362906212e-12,23.6254261262474
"202988_s_at",2.32411193591688,7.66872225399469,9.28316899312837,6.91482937674964e-15,1.00412584688948e-11,23.4047591141701
"214456_x_at",-3.46158618273652,9.45412076380095,-9.27457539848159,7.20998678375073e-15,1.00412584688948e-11,23.3644452591059
"204388_s_at",-2.02994726750536,9.31653821772353,-9.26176137113017,7.67365308641982e-15,1.00583536308643e-11,23.3043329645566
"218087_s_at",-3.11367948808122,9.65893720441418,-9.2282062423599,9.0339802549495e-15,1.11835656678355e-11,23.1469236762307
"210298_x_at",-1.96096568665507,7.85926814493766,-9.2060139572587,1.00635693655432e-14,1.18024482195999e-11,23.0428208480918
"209771_x_at",1.84856938720337,11.1935815537447,9.17049841163819,1.19607904537067e-14,1.33261146839973e-11,22.8762255074446
"219398_at",-1.41638914391789,11.3490532980689,-9.15580416780862,1.2846698241881e-14,1.36315703297064e-11,22.8073009159735
"218168_s_at",-1.98824993613239,8.92094915658908,-9.07489216622265,1.90386517543773e-14,1.90068435238512e-11,22.4278155179954
"208510_s_at",-1.98446896390721,8.04655254047879,-9.0687211135116,1.96184266502974e-14,1.90068435238512e-11,22.3988759406662
"49452_at",-2.1311812747803,10.6045796000277,-9.03968416637758,2.25923209079596e-14,2.04080048727512e-11,22.2627126315064
"207092_at",-3.03806113201115,9.37929781390216,-9.03693358329368,2.28963838719553e-14,2.04080048727512e-11,22.2498149610039
"205382_s_at",-3.43281590111659,9.98676230703771,-9.01771450629283,2.51381507536861e-14,2.1544362047861e-11,22.15969887676
"201286_at",2.03949850299667,8.46941555736429,8.97786836173456,3.05088721234914e-14,2.45373736613174e-11,21.972885668248
"215695_s_at",-2.42442478564842,10.1520765759344,-8.97569498276468,3.08327632058918e-14,2.45373736613174e-11,21.9626969463651
"218237_s_at",1.79933817905897,9.99135310197676,8.94857605152124,3.51750500331986e-14,2.63980121531925e-11,21.8355725173888
"201131_s_at",2.38036838359873,9.42329307651249,8.94460483026151,3.58602639750013e-14,2.63980121531925e-11,21.8169580764009
"219737_s_at",-1.76229341185146,8.8308828068974,-8.93857791054282,3.69257340798939e-14,2.63980121531925e-11,21.788708552449
"219738_s_at",-1.8905863405543,8.39476936923204,-8.93316568071083,3.79094551407872e-14,2.63980121531925e-11,21.7633409088214
"214414_x_at",-2.02345067419399,11.1931707503259,-8.91127376194247,4.2162868276483e-14,2.84701573880264e-11,21.6607382582168
"203548_s_at",-3.06801125482635,10.0961248425797,-8.87776458235983,4.96144620406746e-14,3.2516442872128e-11,21.5037106438698
"205913_at",-2.50955471336697,10.3532380820062,-8.85453985577958,5.55373755393036e-14,3.53582668326372e-11,21.3948942508115
"221928_at",-1.90122827658865,9.29055998032811,-8.76248562631869,8.68227062546522e-14,5.26677891963475e-11,20.9637419554866
"204997_at",-2.32869404176156,8.01487172769657,-8.76099559603131,8.74526859159385e-14,5.26677891963475e-11,20.9567653600843
"206243_at",-2.40996091596205,7.98252621728675,-8.60954104824425,1.82268357953983e-13,1.04533083159132e-10,20.2480615418263
"209699_x_at",-2.64718109388352,10.7917386529245,-8.60876482911948,1.82955178530994e-13,1.04533083159132e-10,20.2444317909565
"203571_s_at",-2.63077447206978,8.40550690425554,-8.5800287487217,2.10283881677264e-13,1.17143893385362e-10,20.1100755096647
"201596_x_at",2.61675899881839,8.84095337631729,8.57267014753452,2.17914302386696e-13,1.18433765855677e-10,20.0756763078745
"209602_s_at",2.88856157076893,8.00742273946166,8.5011201686916,3.08131252907546e-13,1.63478302584258e-10,19.7413396052424
"219064_at",-1.58085014159587,10.1641749812233,-8.48991219123395,3.25305990261696e-13,1.68576590255846e-10,19.6889908798141
"213071_at",-2.84891051831529,8.79746094546661,-8.45962061954593,3.76653155937904e-13,1.90749142585553e-10,19.5475427464661
"207175_at",-1.9713093618258,11.2762380594312,-8.4486350099253,3.97209063920667e-13,1.96689101585427e-10,19.4962572941399
"216331_at",-1.69520415060019,8.20301780270433,-8.41840911364675,4.59725546523408e-13,2.22697051156111e-10,19.3551853664771
"214063_s_at",-2.63398245463724,8.30237930427812,-8.40383250056791,4.93291107871674e-13,2.33872462908607e-10,19.2871715647917
"210201_x_at",-1.44297334909984,9.927564487281,-8.39004747105914,5.27279181068618e-13,2.44778374828167e-10,19.2228628849106
"213068_at",-2.46601079582613,9.23208934848914,-8.38478412372631,5.40863886978368e-13,2.4596061211304e-10,19.1983118146297
"213693_s_at",2.3335340391315,7.94644148899438,8.25418600219145,1.01611988329923e-12,4.52843987191137e-10,18.5897009964566
"204570_at",-2.38400631375637,8.61770837597631,-8.23867318771863,1.09506437134274e-12,4.78457242875102e-10,18.517485515286
"209614_at",-1.81590324675132,8.62273606207342,-8.21406804305758,1.23300264498058e-12,5.28365344963505e-10,18.4029790106818
"216379_x_at",1.40746306579843,11.4496066779048,8.20915504875378,1.26255312870268e-12,5.30820214469467e-10,18.3801204349825
"209686_at",-1.57540572846744,8.54076491158733,-8.20140705853846,1.31059623498061e-12,5.40815109334683e-10,18.3440751949352
"209581_at",-2.05174408145086,9.06161731797536,-8.13822058024292,1.77690265089617e-12,7.19904032180352e-10,18.0502902657951
"203980_at",-1.92374522636528,11.8231431452984,-8.00942389247737,3.30121490425906e-12,1.31358878056437e-09,17.4524636748837
"204894_s_at",-1.83906333368346,10.1308360930145,-8.0002037756194,3.45069630376587e-12,1.3416972008378e-09,17.4097228761608
"204151_x_at",-1.79901248170568,11.5929674212759,-7.9977096452696,3.4922783130006e-12,1.3416972008378e-09,17.3981624111223
"203549_s_at",-1.34042089467347,11.7585927686181,-7.96719366991215,4.04330733189795e-12,1.52706808943529e-09,17.2567653034848
"209493_at",-1.53402166672662,10.0859664718946,-7.95478503981819,4.29139632772297e-12,1.59375307284418e-09,17.1992943124928
"213524_s_at",-1.50755164047952,11.2135720583913,-7.92621213725821,4.92181418025855e-12,1.79791451440494e-09,17.0670139467587
"202931_x_at",-1.53131901602259,8.60807604702694,-7.9151941721313,5.18883543708062e-12,1.82851225050707e-09,17.0160266435506
"211653_x_at",-2.55995631923133,9.57800074306178,-7.91493269613535,5.19534451812363e-12,1.82851225050707e-09,17.0148167686287
"209183_s_at",-2.01845458612097,9.02313800953285,-7.9126803300942,5.25175174045022e-12,1.82851225050707e-09,17.0043951306068
"204223_at",-1.6965284790992,9.60918813159082,-7.87653701657594,6.24497674492348e-12,2.14087410472508e-09,16.8372301717494
"209116_x_at",-3.26876965341862,10.2125081351452,-7.86330735562632,6.65352546415758e-12,2.24637133208823e-09,16.7760752588239
"213706_at",-2.21809407124217,8.57017663955349,-7.82455457589758,8.00979915575672e-12,2.66391574011533e-09,16.5970426500685
"204719_at",-2.69918821738394,9.46162001357574,-7.81242159788192,8.48853474488188e-12,2.77111510861238e-09,16.5410225209095
"205824_at",-1.23989086449016,6.81989225433229,-7.81016064782544,8.58084380443632e-12,2.77111510861238e-09,16.5305850531655
"208383_s_at",-2.68873354334673,8.85000635867767,-7.80450699402479,8.81606468096934e-12,2.80640527551485e-09,16.5044878905548
"214505_s_at",-1.79397020366403,9.21933675447337,-7.79514646824433,9.21970014219659e-12,2.89355744040235e-09,16.461287478029
"209016_s_at",2.86561362414048,6.83281813741308,7.76672027333869,1.05616812677205e-11,3.26869366234188e-09,16.3301545656287
"204159_at",-2.00749524158009,9.13559847800606,-7.7312898732575,1.25093856618811e-11,3.81844713292735e-09,16.1668368172102
"220061_at",-1.61584613087761,8.22009766337719,-7.72723325284743,1.27540401532032e-11,3.82290605625861e-09,16.148146774977
"211745_x_at",-2.66059269311128,10.1788172962724,-7.72538442671722,1.28671163765829e-11,3.82290605625861e-09,16.1396293167191
"218723_s_at",-1.41561539223797,9.79373820040145,-7.72258887691296,1.30399923912329e-11,3.82329145334004e-09,16.1267510926423
"58780_s_at",-1.84214984758236,8.78133248495841,-7.69013813285909,1.52240337248611e-11,4.40567718819584e-09,15.97732712084
"218736_s_at",-1.89037852514678,9.72691725398851,-7.67720836986116,1.61923916692188e-11,4.62583414827183e-09,15.9178247437204
"212112_s_at",-1.2390539144234,9.17139905939125,-7.65623400613627,1.7895198508076e-11,5.04757858677795e-09,15.8213438998876
"203065_s_at",-2.18054326745235,9.66248356527736,-7.63850168302044,1.94729471307994e-11,5.42394601144505e-09,15.7398178481821
"216594_x_at",-1.51380833985316,11.3577672602097,-7.6307133513835,2.02089403101941e-11,5.55945453002538e-09,15.7040224340318
"204134_at",-1.25107364875272,8.95267811726906,-7.61966863650759,2.13003319041e-11,5.78823531486659e-09,15.6532734490674
"221748_s_at",-1.21187812535561,11.6834722623284,-7.53675323791526,3.15980157519055e-11,8.48311548192423e-09,15.2727823866928
"211696_x_at",-1.63723823945708,11.7052193042347,-7.52520535439405,3.33797439257762e-11,8.85477183211989e-09,15.2198611763784
"201348_at",-1.43504925870935,11.4423915053475,-7.51498952906448,3.5039006413259e-11,9.18557858713707e-09,15.173059295565
"209160_at",-2.68925158447228,9.05535657321369,-7.49969651569273,3.76773456612708e-11,9.76237550430345e-09,15.1030234674566
"203323_at",-1.29782238139578,11.216863326781,-7.49206405390872,3.9067039473647e-11,1.00061016159917e-08,15.0680817312052
"209555_s_at",-2.42463216260005,10.7393402979056,-7.48785123642707,3.98557960699919e-11,1.00921216344049e-08,15.0487986757255
"202768_at",-2.11092256008163,9.4315706594466,-7.46753733674765,4.38869965164042e-11,1.09880218356745e-08,14.9558514125246
"203853_s_at",-1.04352803895289,9.69287272431592,-7.43646297008031,5.08508085819215e-11,1.25900951958995e-08,14.8137802025727
"221747_at",-1.3324765920953,10.2165720368106,-7.40682628526831,5.8512126496384e-11,1.43277551068014e-08,14.6784095448474
"209298_s_at",-2.41481938948469,8.1772848180651,-7.40080450097462,6.02036874780486e-11,1.45817257399278e-08,14.6509194545653
"209612_s_at",-1.96689288327519,10.9733285476786,-7.38658748624353,6.43925846200476e-11,1.542860175364e-08,14.586038187047
"217414_x_at",-1.80799371780611,8.0390951302587,-7.37993255099539,6.64516694545921e-11,1.57525803240072e-08,14.5556776535952
"222351_at",-1.59823019350339,8.49269550732283,-7.37132156835491,6.92133300535603e-11,1.62345329850893e-08,14.5164031009797
"206488_s_at",-1.67390758690663,11.1316740437417,-7.35782238932716,7.37738947043784e-11,1.7123996830184e-08,14.4548556817749
"209458_x_at",-2.5105721114828,9.39504148169286,-7.34131161623252,7.975950320858e-11,1.83224846391421e-08,14.3796143935738
"209496_at",-2.17508547815098,9.26190294719072,-7.33664427197484,8.15373399428912e-11,1.85397606729331e-08,14.3583522691458
"218186_at",1.88547780911384,8.18592573081118,7.32404451305617,8.65356976855695e-11,1.94775247629045e-08,14.3009704667298
"212886_at",-2.30763207247276,7.01133198003587,-7.32041253725323,8.80322083693957e-11,1.96162169909525e-08,14.2844342196435
"205498_at",-1.07591481344037,10.7553648168588,-7.3103485031665,9.23146059924237e-11,2.03667956963285e-08,14.2386236175445
"201690_s_at",1.23087745801649,10.3519939170163,7.29291024483203,1.00230247017326e-10,2.18963783753636e-08,14.1592831819827
"212281_s_at",2.29143280232334,7.28074611148937,7.25071428026614,1.2228350589185e-10,2.64547899202727e-08,13.967497317038
"203917_at",1.40712065745447,9.08670542956132,7.21904834309163,1.41939694997407e-10,3.0411944457954e-08,13.8237583421509
"209512_at",-1.47978691554982,8.31324133977556,-7.20496220888689,1.51662568247488e-10,3.21856857929407e-08,13.7598705033537
"204042_at",-1.00322494743046,11.0528814308375,-7.16939864493498,1.79251971359524e-10,3.76818082811723e-08,13.5987173923771
"210715_s_at",1.50803186629092,9.32352502536875,7.16396463337494,1.8388524280436e-10,3.82945314524257e-08,13.5741122674555
"209616_s_at",-1.60420553027443,7.73480900390084,-7.11162289518426,2.350665924861e-10,4.76180807306161e-08,13.3373670835158
"210078_s_at",-1.25073952492448,6.45885066942406,-7.09780387489222,2.50791605970487e-10,5.03458500526158e-08,13.274941680004
"216894_x_at",-1.41809129672758,8.11387381387258,-7.07993712783691,2.72678687928593e-10,5.42508857420788e-08,13.1942809644199
"203812_at",-1.04297720798112,8.94481368577055,-7.04566292972172,3.20104746011707e-10,6.31229562422909e-08,13.0397065593705
"217232_x_at",-1.77833467899574,11.1440741148562,-7.03572864310762,3.35320859778383e-10,6.55434624424712e-08,12.9949431023162
"206030_at",-1.71645858934463,7.67299823716242,-7.02784516249268,3.47904535846355e-10,6.74117980196898e-08,12.9594332569606
"203414_at",-1.03562997878647,11.1017545686256,-7.01028065892086,3.77650346213088e-10,7.25446781436745e-08,12.8803577448298
"213348_at",-1.03255676740689,10.708051757937,-6.99326976108122,4.08859105146798e-10,7.78684396580008e-08,12.8038288423102
"214439_x_at",-1.28875220332992,9.5026544204862,-6.97782296411444,4.39407011867658e-10,8.22798860961936e-08,12.7343832469314
"209763_at",-1.09390801082851,10.9956973058952,-6.95392631610658,4.91180533568721e-10,9.12081319125984e-08,12.6270373904712
"37117_at",1.31479933487845,8.25489770562541,6.94978520195425,5.00748165754757e-10,9.22162923761426e-08,12.608446160184
"209613_s_at",-2.28371547968277,10.5952203151455,-6.94138125574868,5.2073623582969e-10,9.51111929753523e-08,12.5707273312118
"218124_at",-1.12590947555788,10.8858596726411,-6.91922882660884,5.77294409560922e-10,1.04584157140212e-07,12.4713672784067
"217028_at",1.05521090906842,10.3531269357398,6.8732159252628,7.14956626341525e-10,1.27451028038146e-07,12.2652920752162
"212636_at",-1.11155799128251,10.2617793870844,-6.86849370812864,7.30805857880677e-10,1.2858713635186e-07,12.2441666516561
"201243_s_at",1.00887831143525,10.5395814495065,6.86788587001356,7.32871081842039e-10,1.2858713635186e-07,12.241447735808
"201417_at",1.995053471881,9.10261548165789,6.83969427301193,8.35285608925438e-10,1.45411478310043e-07,12.1154256359763
"206068_s_at",-1.53909830123904,8.6531356205802,-6.7892799327754,1.05499854888881e-09,1.82236687324724e-07,11.8904669602235
"213764_s_at",-2.68468341502545,7.4212926998854,-6.77931653783384,1.10476174488782e-09,1.89364661241041e-07,11.846070569702
"201450_s_at",1.22499561073684,8.02968359391899,6.76265229934554,1.19324043515424e-09,2.02436404771748e-07,11.7718620863768
"209603_at",1.83347568825335,8.77477564076599,6.76157563973067,1.19919245298527e-09,2.02436404771748e-07,11.7670695640008
"201540_at",-1.08924693702572,12.0314960194854,-6.74337581731837,1.30437182473065e-09,2.18536220830625e-07,11.6860941086767
"202890_at",1.81515522305049,6.29483380397205,6.73959927124491,1.32731559934918e-09,2.20720697763415e-07,11.6693001689156
"203215_s_at",1.49958664037282,7.13457473726128,6.71827595678337,1.46456227564862e-09,2.39978471378415e-07,11.5745348379473
"208650_s_at",2.15402806379354,7.83429906430863,6.71826113615638,1.46466239319053e-09,2.39978471378415e-07,11.5744690060096
"218677_at",1.15302993799509,9.51248489475455,6.70230591640841,1.57647098349492e-09,2.54554811608352e-07,11.5036249349716
"213486_at",-1.15689870746707,10.3128536954193,-6.70230553917371,1.57647372445149e-09,2.54554811608352e-07,11.5036232606356
"210517_s_at",-1.46302916026648,10.4129297412789,-6.6738842774471,1.79696213329166e-09,2.88069836087324e-07,11.3775655088955
"213247_at",-1.0503417272587,9.33577911207802,-6.66912759323993,1.83673537174078e-09,2.92342673489284e-07,11.3564854206568
"213933_at",-1.45995853042767,10.5059059299106,-6.64911370895262,2.01385017189357e-09,3.16018474509186e-07,11.2678454689749
"204731_at",-1.62987200632168,9.86746664158422,-6.62448481580299,2.25514766681941e-09,3.48968440692617e-07,11.1588892711685
"206100_at",-1.25902429458103,9.05248108047003,-6.60866225131681,2.42504040835450e-09,3.72670175305953e-07,11.0889640401406
"209210_s_at",-1.21465824580959,11.4665502978999,-6.59965369838459,2.52736381221433e-09,3.85734574161451e-07,11.0491777628364
"203324_s_at",-1.7890612605493,9.50675013450993,-6.58959080001681,2.64671983864637e-09,4.01203116765694e-07,11.0047570132584
"215379_x_at",2.31206608324189,8.89077259066444,6.58078401470155,2.75574215001167e-09,4.14906772491284e-07,10.9659003130469
"204848_x_at",-1.16753417695988,6.97336009645725,-6.57088639091323,2.88357707824902e-09,4.31239919695456e-07,10.9222521553009
"205022_s_at",-1.69462815677752,6.88896440118298,-6.56926016781914,2.90513482573551e-09,4.31567462145763e-07,10.9150827513898
"210375_at",-1.28527814337311,9.21812729225128,-6.55865755674391,3.04964743928074e-09,4.50035058870813e-07,10.8683549799477
"213451_x_at",-1.37760289497007,7.48207612974819,-6.55324343272729,3.12616128033926e-09,4.58291130327629e-07,10.8445040361406
"216834_at",1.5571685887665,9.3862723430714,6.55024611109607,3.16933365263116e-09,4.61583410337125e-07,10.8313028396288
"214093_s_at",1.23051246854678,8.77981358375004,6.52589132630316,3.5427069192906e-09,5.09304117951952e-07,10.7241149809815
"207275_s_at",-1.18554331228469,10.3609907190354,-6.52252345969885,3.59765049390723e-09,5.13887474075222e-07,10.7093037433344
"206093_x_at",-1.46221614498771,7.4903467204747,-6.51458218677111,3.73056342222123e-09,5.29478628900354e-07,10.6743902552706
"202464_s_at",-1.26888401995496,10.6597236788089,-6.5118642381904,3.77715992240881e-09,5.32699079436933e-07,10.6624443699364
"205968_at",1.23601907581415,9.26372617859275,6.49921129961158,4.00177051192086e-09,5.60826744132909e-07,10.6068557310077
"219298_at",-1.7849594807616,8.03232106827357,-6.49667925361727,4.04827949372661e-09,5.63798824741938e-07,10.5957362280343
"204825_at",1.7844563302894,7.75758522782117,6.48273351784953,4.31417871141186e-09,5.93412618681423e-07,10.5345212138727
"204419_x_at",-1.75380520092637,8.28792284970134,-6.48100435285011,4.34832872409176e-09,5.94440545760347e-07,10.5269343084019
"212071_s_at",-1.14894843695123,10.9454919310986,-6.46839111685273,4.60564965119121e-09,6.25778604740815e-07,10.4716143782652
"206201_s_at",-2.3020844747187,6.60087212444266,-6.46512418701564,4.67471660907502e-09,6.31313395151628e-07,10.4572924139303
"201539_s_at",-1.34799886749337,8.69623484280462,-6.46212836590935,4.73895146117129e-09,6.36132863911325e-07,10.4441612701301
"208651_x_at",1.01152328750774,10.5095868539253,6.45450460837067,4.90637829283063e-09,6.5466363771943e-07,10.4107551221589
"204653_at",1.08841084085631,10.6296712353297,6.43154038114112,5.44684222361857e-09,7.18177427626583e-07,10.3102161702301
"208789_at",-1.59990445903271,10.2684001688433,-6.3913084844031,6.53914783549718e-09,8.57128418931668e-07,10.1343959290736
"204326_x_at",-1.13379731924363,10.4020240161066,-6.37670692597688,6.98694252943056e-09,9.10468072416966e-07,10.0706859241501
"203986_at",-1.44431968211785,9.36151267249806,-6.36740558251381,7.28785162069142e-09,9.44158125952715e-07,10.0301304037515
"203400_s_at",-1.67876942719491,8.70758178105886,-6.33024414472646,8.62321425744261e-09,1.10431657068157e-06,9.86832263262205
"218031_s_at",-1.64225676765549,7.45920550202639,-6.32224747242332,8.94073418518344e-09,1.13843645627682e-06,9.83355062169757
"212097_at",-1.55668279406143,11.2919388459517,-6.28616349695893,1.05232013750981e-08,1.31735110247928e-06,9.67685583199821
"221246_x_at",-1.09073873815885,10.3369948801884,-6.25432197718969,1.21473334697136e-08,1.5037723983646e-06,9.53887214330105
"201719_s_at",-1.26572935346366,9.9200867070693,-6.23726773380506,1.31165420358833e-08,1.61478401207507e-06,9.46508096352965
"218625_at",-1.14403964002086,9.82508510832495,-6.23491681858532,1.3255998221798e-08,1.62298576030948e-06,9.45491510788687
"205609_at",-1.08426491074309,9.73211788769535,-6.22947727830297,1.35843066907273e-08,1.65409347535233e-06,9.43139916876761
"221295_at",-1.16671211313898,9.46021073209614,-6.22366455803715,1.39440108516584e-08,1.68866518373644e-06,9.4062788656743
"213364_s_at",-1.12239402829805,6.99070952956116,-6.20521627692176,1.51490409379998e-08,1.82468150930513e-06,9.32661411756229
"212653_s_at",-1.56164997784922,9.37444111522344,-6.19803824514216,1.56451867800987e-08,1.87431019903731e-06,9.29564280024207
"211699_x_at",-1.93502471312359,9.18235751257392,-6.1960589687927,1.5784792052838e-08,1.8809225738684e-06,9.28710525658375
"212419_at",-1.12855477962203,10.1415312374329,-6.17729327621538,1.71709902900363e-08,2.01379566648884e-06,9.20621424916108
"202489_s_at",1.36711506620457,8.17217165171687,6.16753712691579,1.79384349737022e-08,2.09278610742936e-06,9.16419850432712
"203337_x_at",-1.65221594227847,9.37977607122339,-6.16553462152844,1.81000933034436e-08,2.10064780771164e-06,9.15557784014711
"201890_at",1.47179269493,10.1411868434033,6.15723264951147,1.87857648626647e-08,2.16892848929927e-06,9.11985040634049
"203397_s_at",1.53930049617233,8.29524699424502,6.15344123331537,1.91073658921476e-08,2.19468780502435e-06,9.10354056656422
"218175_at",-1.35902941489918,7.96976356395736,-6.13738040947083,2.05310064513713e-08,2.34611495772259e-06,9.03449562757254
"203851_at",-1.35634456045171,9.36033592786396,-6.11625058714009,2.25643587857022e-08,2.54676624690547e-06,8.94377130008336
"201242_s_at",1.20496124221665,9.91135351826045,6.10097031478058,2.41573059007781e-08,2.70416741584364e-06,8.87824291407579
"203358_s_at",1.25270900598655,8.09261643025353,6.09160828048574,2.51875406244471e-08,2.79230829718684e-06,8.83812785265659
"209513_s_at",-1.50177860689495,9.14284657443569,-6.0862349643982,2.57982832265435e-08,2.8458571541439e-06,8.8151154169064
"208607_s_at",-2.18414471626748,8.55890215529977,-6.0689802912224,2.78598962506876e-08,3.05813826676883e-06,8.74127538012699
"212282_at",1.35810648066988,9.10746840212997,6.05859244160434,2.91785008354138e-08,3.1871790888016e-06,8.69686349131676
"201952_at",1.18306788477027,10.5093312110014,6.03299760487992,3.26956800486119e-08,3.52668888000235e-06,8.58757221128181
"205709_s_at",1.17841109519024,5.75558265778748,6.03226904434546,3.28016844106812e-08,3.52668888000235e-06,8.58446406874974
"222161_at",-1.41162811984064,5.69235248771723,-6.03146016148235,3.29197723394736e-08,3.52668888000235e-06,8.58101344521495
"210869_s_at",-1.35944168900459,9.54271481303405,-6.0300289820713,3.31297359507746e-08,3.53220050809144e-06,8.57490863729183
"213605_s_at",1.65655904101797,9.13419947352036,6.02364128504695,3.40830576062155e-08,3.59952412440458e-06,8.54766887476136
"200878_at",-1.61520525738115,10.5001734414404,-6.02363333284218,3.40842611070936e-08,3.59952412440458e-06,8.54763497090023
"219093_at",-1.49883732275918,8.53571936069034,-6.00672105439424,3.67408866081215e-08,3.8467101997673e-06,8.47557317482351
"204018_x_at",-1.74934640507693,9.04987539272713,-6.006541547055,3.67701509020525e-08,3.8467101997673e-06,8.47480877053171
"201842_s_at",-1.02191118117748,11.5834206348666,-5.99142973468464,3.93179024661015e-08,4.09402252641187e-06,8.41049235847102
"214677_x_at",2.2455761568391,9.72128750201053,5.97307955540004,4.26462980594167e-08,4.41994167282782e-06,8.3324865397577
"210299_s_at",-1.74013731449,9.91321405511764,-5.96566623934414,4.40683171799221e-08,4.52522724295025e-06,8.30100200916415
"202193_at",1.31748999054817,8.93797676372146,5.96435926395063,4.4323818826045e-08,4.53058557293927e-06,8.2954529998012
"213236_at",-1.21606024361571,9.10008194231002,-5.94979083946094,4.72724786481858e-08,4.78805746235238e-06,8.23363557315174
"209173_at",2.54119489644662,7.99032096307134,5.93102604001449,5.13566131827197e-08,5.15486221419163e-06,8.15410850983295
"210762_s_at",-1.04529046115887,10.5330279047938,-5.91092832410584,5.61164459451479e-08,5.58233377230237e-06,8.06905396014681
"214705_at",1.74495619031926,5.60392084115166,5.9087834024532,5.6649396640678e-08,5.61030446819657e-06,8.05998400968375
"213397_x_at",-1.06900973329079,10.5018061881058,-5.89997357154473,5.88911419175334e-08,5.80651024490441e-06,8.02274619497701
"213765_at",-1.41031584475124,9.17366403023535,-5.89277064537086,6.07886962614422e-08,5.94102859120051e-06,7.9923186949843
"200973_s_at",-1.57037225186076,7.0821062542606,-5.88763752904687,6.217757792843e-08,6.05023130558605e-06,7.97064475025406
"210740_s_at",-1.23544042414886,9.38176125422282,-5.88417690102944,6.31315093365237e-08,6.11634531541634e-06,7.95603738880293
"201005_at",2.2300202905524,9.04533986204711,5.87330340920396,6.62235319912412e-08,6.36059898000357e-06,7.91016496886594
"201448_at",1.60261844481016,7.90894607142449,5.87164864375224,6.67069733084239e-08,6.37953427567215e-06,7.90318724488033
"213309_at",-1.17413153361684,8.17155829472581,-5.86218258049278,6.95399983946561e-08,6.62205035994923e-06,7.8632880714592
"203680_at",-1.56194036555453,10.2363722445773,-5.8517279788403,7.28065792018353e-08,6.90361278448721e-06,7.81925557572803
"202982_s_at",-1.87596381434675,7.44509288738312,-5.83978147117594,7.67244227666249e-08,7.22914753987534e-06,7.76898252187263
"203881_s_at",-1.14768746037011,9.36627389125638,-5.83562791828695,7.8134596250271e-08,7.31543364808735e-06,7.75151441351856
"206385_s_at",1.30836322217594,9.78527915111037,5.8293869866116,8.03015293687538e-08,7.48685765240142e-06,7.72527816026675
"202942_at",-1.65993622032187,8.55850107660542,-5.82777446725457,8.08709620282002e-08,7.5085318619766e-06,7.71850134273577
"210832_x_at",-1.20535052046435,9.71080425239597,-5.82127393822281,8.32070717714189e-08,7.69337419204368e-06,7.69119060861338
"215039_at",-1.25799999590918,9.6521632695619,-5.80236330707966,9.03870633554676e-08,8.28845651337401e-06,7.61181952304688
"201664_at",1.38734244697031,8.47428098813079,5.79756451203126,9.2303947832154e-08,8.42954454731101e-06,7.59169679746492
"211922_s_at",-1.49526214415382,8.7206633974639,-5.78427914868521,9.7821831828436e-08,8.896995422992e-06,7.53602696943015
"213793_s_at",1.40707758517366,6.05311725834041,5.76486117270158,1.06474937870546e-07,9.56685903455391e-06,7.45476454508981
"212122_at",-1.42045133671092,8.05782342186101,-5.7607570930213,1.08397944236208e-07,9.70052767636717e-06,7.43760538854295
"211458_s_at",-1.74810185610374,9.02077925611353,-5.75694520768667,1.10214606931935e-07,9.82364834505726e-06,7.42167292694127
"209604_s_at",1.20784795854486,10.6125304402156,5.74977348299983,1.137139990135e-07,1.00551152381659e-05,7.39171056958466
"203296_s_at",-1.36737832649095,8.67922923884538,-5.7477357963334,1.1472804739517e-07,1.01046841110932e-05,7.38320056972373
"203336_s_at",-1.37118394936706,9.00326600711701,-5.74204277304628,1.1760851461985e-07,1.03176005168272e-05,7.35943215022899
"201325_s_at",-1.36331575491821,10.0411907101616,-5.70951468319855,1.35482551545844e-07,1.17013864189769e-05,7.22383665839138
"208029_s_at",1.45494277562565,9.56953136332126,5.70072825753137,1.4075218346444e-07,1.21095787804561e-05,7.18727142636788
"212230_at",-1.16498923691397,10.1409342069699,-5.69035375792706,1.47233981517845e-07,1.25221939319166e-05,7.14413127162364
"218009_s_at",1.62050637878014,7.46891536996964,5.67980513654666,1.54125132123681e-07,1.30584422779923e-05,7.10030489933779
"205208_at",-1.49828328977869,6.32969166612519,-5.67117862345457,1.59995332876031e-07,1.34534943489683e-05,7.06449277510971
"213502_x_at",1.77217041217331,7.83517656481543,5.64142251781029,1.81979334995691e-07,1.51307668720485e-05,6.94116098447767
"220327_at",-1.11177739628141,9.0492207255714,-5.63869449783152,1.84137359678457e-07,1.52532817312828e-05,6.92986943440362
"37892_at",1.97627737018904,7.45054464420131,5.63317488392761,1.88580855791732e-07,1.55635081837303e-05,6.90703115885325
"209894_at",-1.35112445524018,8.66168057206392,-5.62600200673977,1.94512929420769e-07,1.5935042670158e-05,6.87736820266186
"209086_x_at",-1.04392834130187,8.9939568493534,-5.62441186750009,1.95852606310479e-07,1.59860206095839e-05,6.87079473455898
"202862_at",-1.02601906003155,9.14201694874135,-5.61874550407058,2.00700542105579e-07,1.62625824717768e-05,6.8473778187391
"214212_x_at",-1.35486294694823,7.8683306875755,-5.60343533551681,2.14396400966204e-07,1.73094021838041e-05,6.784163401976
"217794_at",1.28923586312391,7.92115609076823,5.59623691862635,2.21148988495909e-07,1.77901188110265e-05,6.75447042509452
"200895_s_at",1.09320646733053,9.65445110780854,5.59364955249968,2.23626764541857e-07,1.79247309146985e-05,6.74380221455836
"222043_at",-1.11674528905112,10.1337830680926,-5.58229998826008,2.34821453643374e-07,1.87243841644963e-05,6.6970339414563
"219054_at",-1.11214932178111,9.69417533646523,-5.58184280599312,2.35283739445271e-07,1.87243841644963e-05,6.695150988684
"201465_s_at",-1.60558388588527,7.31248359084065,-5.58080868714193,2.36332700351968e-07,1.87409308254196e-05,6.69089213814613
"201963_at",-1.88844315597808,10.5799628593929,-5.57730784923886,2.39917971429631e-07,1.89175067725243e-05,6.67647734513011
"209138_x_at",1.53288724324403,10.0582510252352,5.57697913275147,2.40257344909769e-07,1.89175067725243e-05,6.675124071537
"221024_s_at",1.4923192651531,9.08088233760335,5.57003095339791,2.47542035933044e-07,1.9422461924986e-05,6.64652858056258
"210046_s_at",1.18432897798077,8.05177554873286,5.56814372458056,2.49557821743232e-07,1.95119190944015e-05,6.63876461151578
"213518_at",1.19875396789406,8.54332281658107,5.5560603448949,2.62851480395478e-07,2.04080820127263e-05,6.58908453134208
"213221_s_at",-1.0755223590037,8.12075412863077,-5.53056289232189,2.93223929674041e-07,2.26086810551096e-05,6.48442652816517
"39248_at",1.24031027698124,8.7933597715287,5.50189604041332,3.31492992169382e-07,2.53837056512382e-05,6.3670422993056
"212875_s_at",-1.12298747178614,10.8093235640424,-5.4949070535411,3.4154180964928e-07,2.59746626089246e-05,6.33846976251473
"205932_s_at",-1.10233385376084,8.43943172937357,-5.4862232361971,3.54444401020302e-07,2.68642332922972e-05,6.30299351757544
"205559_s_at",-1.57022123256719,8.06421894044101,-5.46536907740725,3.87413885818092e-07,2.89942833550823e-05,6.21791171719566
"203693_s_at",1.05730294588479,7.34920015547184,5.452875207457,4.08587255525301e-07,2.99491770225996e-05,6.1670163283271
"202724_s_at",-1.27197335360046,9.41675687100844,-5.4481782732812,4.16837114521644e-07,3.03541876564895e-05,6.1478978909484
"219117_s_at",1.6064216499066,7.88675190662727,5.44182943813572,4.28248439095716e-07,3.10835829588594e-05,6.12206872095968
"203124_s_at",1.18493358260713,8.33390722987786,5.42783890869543,4.54486508351241e-07,3.26687834373894e-05,6.06520423715499
"208737_at",1.05984753949589,9.24999928034558,5.41120565994109,4.87735747393465e-07,3.46121517807917e-05,5.99769487187607
"212013_at",-1.21530987064236,9.63246995498499,-5.40087332008953,5.09577787674774e-07,3.58442539525671e-05,5.95581202351264
"201363_s_at",1.16315010564242,7.84262285760333,5.40071322885546,5.09923641473938e-07,3.58442539525671e-05,5.95516340340942
"209540_at",-1.53448987994537,9.34839465850198,-5.37139537278383,5.77295505844276e-07,4.03256293314358e-05,5.83654598866035
"205200_at",-1.2756900640227,8.90208120269148,-5.3636957308421,5.96388472933483e-07,4.15291385699275e-05,5.80544885372508
"201324_at",-1.01639010884293,10.7781565991892,-5.35186998267042,6.26923332860471e-07,4.31164587226231e-05,5.75773205551851
"202112_at",-1.46131174039155,9.49039660600102,-5.34679661821176,6.40487594824081e-07,4.39138002322e-05,5.73727773926464
"218189_s_at",1.15151024664771,9.03564784715033,5.34125277842175,6.55638373389595e-07,4.46776448753527e-05,5.71493807870834
"204642_at",-1.13810345490454,9.93608041418157,-5.33878292513909,6.62500713915019e-07,4.50076323419767e-05,5.70498933155827
"212219_at",1.26553455622989,9.13691446362355,5.33563592227244,6.71346433818283e-07,4.54699470661787e-05,5.69231643284773
"213150_at",-1.36698058309083,8.30704247504674,-5.32605970236451,6.98980958699111e-07,4.70555670776202e-05,5.65377710797012
"221841_s_at",-1.52095158490408,10.2255721700461,-5.31379900099374,7.35992322250491e-07,4.92496003504736e-05,5.60448673093581
"202963_at",1.02024261997737,8.77667657521781,5.30269993254513,7.7114689392708e-07,5.12939290667973e-05,5.5599174739932
"207302_at",-1.05879908131968,8.6600848074858,-5.2911235682386,8.09563508673938e-07,5.33713126147377e-05,5.51348357862892
"201425_at",-1.12891003890206,11.2029179102203,-5.27061871735852,8.82257150540596e-07,5.79921418451212e-05,5.43136761468529
"204276_at",-1.08554915612373,8.05715263943313,-5.26265120744574,9.1219406548274e-07,5.96082708538179e-05,5.39950542331913
"209605_at",-1.15358666321898,7.35156212199928,-5.25196464647538,9.53912329591103e-07,6.1790780349647e-05,5.35680975748604
"204677_at",-1.10066236242516,7.8538773656527,-5.24959550448735,9.63410678077763e-07,6.22251598249472e-05,5.34735063206891
"202796_at",-1.07125304529161,9.20652721620641,-5.2287955072234,1.05087160257244e-06,6.7096194613529e-05,5.26440122776432
"201202_at",1.07087841800293,9.06942046876047,5.22381838837959,1.07292436288599e-06,6.83084959376812e-05,5.24457874108531
"219534_x_at",-1.15502720702526,6.53330674371975,-5.21867780248316,1.09617635277181e-06,6.95900218484736e-05,5.2241157999834
"202003_s_at",-1.27087895550258,9.71787379389761,-5.19270311182195,1.22140939259482e-06,7.62371582498327e-05,5.12088455001087
"209803_s_at",1.20984600176257,7.85913114764846,5.18966063175846,1.23696319116299e-06,7.69923206387849e-05,5.10881093913276
"216868_s_at",-1.18781927241698,6.23381089569115,-5.18425485892144,1.26507756266966e-06,7.85229062088249e-05,5.08736837873695
"202345_s_at",-2.01734406882895,9.05996582807493,-5.16317782195228,1.3807823683899e-06,8.47602576166177e-05,5.0038795433198
"219209_at",1.09023334827468,7.79488277723949,5.16236789627259,1.38542893339474e-06,8.4811848689107e-05,5.00067500146084
"203769_s_at",-1.13697944149359,8.19128446414624,-5.1545487244723,1.43108070950937e-06,8.736649712328e-05,4.96975180771899
"217771_at",1.17158604722159,8.76522198793546,5.15062332368042,1.45454978015767e-06,8.8556646861348e-05,4.95423727597917
"201340_s_at",1.18656333288144,6.44076066638103,5.14856290043393,1.46701863398603e-06,8.88303701660618e-05,4.94609635072317
"202283_at",-1.49707779223893,9.92183083350626,-5.1402894534967,1.51814611150613e-06,9.11278937656717e-05,4.9134250654105
"201689_s_at",1.22334522386122,8.57201364267406,5.13645431026655,1.54243267557803e-06,9.21448453348667e-05,4.89829006940052
"212036_s_at",1.14099920262604,7.69465254014923,5.12811102763594,1.59658581088321e-06,9.4618940489124e-05,4.86538549928495
"204039_at",-1.13140096749149,9.86227513445546,-5.12526199052339,1.61549974843694e-06,9.54858909666323e-05,4.85415605922942
"214297_at",-1.05528996847867,7.66581373197213,-5.10180479696267,1.77977044990111e-06,0.000104364802460912,4.76183013938191
"202800_at",-1.10796789051923,7.91139889755602,-5.09044158861493,1.86510348850066e-06,0.000109081630011182,4.71718921835224
"201761_at",1.12410641890176,9.68746814401152,5.08772457032857,1.8860915171974e-06,0.000110020359365732,4.70652342479349
"213913_s_at",1.12388858874787,8.54372262664137,5.07701398138021,1.97109594428282e-06,0.000114678670826251,4.66450917174353
"210145_at",-1.33547871351753,7.22008052171926,-5.07572065777367,1.98161004253328e-06,0.00011499014733794,4.65943919275727
"213515_x_at",-1.21987618782581,9.19787747855697,-5.02799797613182,2.41026294467986e-06,0.000137009921419136,4.47286439630394
"209360_s_at",1.25847878769699,8.23380269497841,5.02416974427431,2.44832535391602e-06,0.000138467091018555,4.45794042957633
"213800_at",-1.17287353204078,9.6110685837359,-5.00290907921161,2.67062107445835e-06,0.000148033456224267,4.37517439089614
"209542_x_at",-1.48932358675666,8.51304587359268,-4.97916311881691,2.94219286187739e-06,0.000161480008722202,4.28296791940911
"203799_at",-1.0866399134034,9.0028191796432,-4.97716646534782,2.96621725381268e-06,0.000162398572645474,4.27522617999819
"208794_s_at",1.17388042702928,7.74626665796805,4.9739048435225,3.00587406889408e-06,0.000163898981448381,4.26258350266706
"202189_x_at",1.3532931852657,8.88200625733043,4.96768759623497,3.08290363994521e-06,0.000166854853531777,4.23849731171086
"209297_at",-1.36299845959392,9.30603494220291,-4.9675164257603,3.08505136898497e-06,0.000166854853531777,4.23783442409863
"202018_s_at",1.77181867772785,8.35333209655358,4.96545142908059,3.11107671771372e-06,0.000167855018161779,4.22983838870709
"209209_s_at",-1.23256098624759,6.9820220774605,-4.93960760014762,3.45544699851546e-06,0.000183765454577375,4.12992715625204
"213175_s_at",1.3573866097373,9.70602224920814,4.9345828533001,3.52658728323598e-06,0.000187102248648446,4.11053635971459
"202539_s_at",1.15148811714384,8.18329675852857,4.92359192991824,3.68720619782396e-06,0.000193322389896732,4.06816126868045
"204422_s_at",-1.40023303068711,7.0664926876828,-4.91598390287152,3.80253859736746e-06,0.000198435521229834,4.0388606692871
"204482_at",-1.19007153052643,8.51977204195846,-4.91025675968131,3.89166862978101e-06,0.000202612271208902,4.01682111197223
"203213_at",1.0404676062769,8.76993142797872,4.86917394395148,4.59342581466473e-06,0.000238035598670173,3.85916032809737
"219433_at",1.33209086067211,6.87105839527505,4.86799196493557,4.61533834743429e-06,0.000238468150915023,3.85463572949036
"204162_at",1.23510962644033,4.85843668431453,4.8639131323464,4.69173932571933e-06,0.000240889464043787,3.83902693979948
"212457_at",-1.07192968455373,8.94024128044527,-4.85435230957582,4.8756796328545e-06,0.0002491852505938,3.80246975009905
"204798_at",1.02652623935781,9.41889083603984,4.84298680546909,5.10348101999567e-06,0.000259636683946492,3.75906689375465
"204115_at",-1.27158173210758,9.28243632383827,-4.82065633384679,5.58160348263576e-06,0.0002820291845886,3.67396490923799
"219028_at",-1.19684088052962,7.68693308131932,-4.81232115762316,5.77101014038792e-06,0.000290283112772605,3.64225876676251
"221671_x_at",1.00434031888902,10.7009664463931,4.77370152681153,6.73330385569875e-06,0.00033194294207198,3.49577837534324
"201105_at",-1.09094178083322,10.6338293586272,-4.76841015925782,6.87673702908256e-06,0.000338265631830125,3.47576345990304
"212993_at",-1.13343461960869,7.80761420643025,-4.76456809167176,6.98274039815592e-06,0.000341970119323315,3.46123891297105
"207621_s_at",-1.16131252428093,7.21807739193303,-4.75226090194345,7.33309797176803e-06,0.000355998740969296,3.41475997021469
"215121_x_at",1.37240788250082,10.3584556179607,4.74240547374445,7.62591972713488e-06,0.000367015916370943,3.37759221827567
"205158_at",-1.28295728289604,8.21839860085566,-4.73538799077133,7.84131274720358e-06,0.00037495272949772,3.35115544720609
"214614_at",1.27403830355489,6.06985717521566,4.73476326752787,7.86077182574725e-06,0.000375078326751876,3.34880308541874
"219913_s_at",1.07920607613812,8.89697394697791,4.7150275611223,8.50023533380351e-06,0.000402145953170156,3.27458564472641
"205890_s_at",1.05488271414852,8.92978101505939,4.70218529425928,8.94317555487575e-06,0.00042131243316976,3.22639205424753
"202551_s_at",-1.2377373805953,8.75083960128482,-4.69008859443664,9.38084625254034e-06,0.000433679246982067,3.18106925958547
"221795_at",-1.02659124795385,9.73358310498331,-4.66931837349376,1.01812905594987e-05,0.000464809058161875,3.10341501555184
"205969_at",-1.0629047413374,7.26554427369038,-4.65512751329168,1.07658828904722e-05,0.000487593838309738,3.05048022627353
"217428_s_at",1.07291141882745,7.98984761338313,4.63049697399479,1.18587282077208e-05,0.000530618555527397,2.9588379429593
"217730_at",-1.23393582246218,8.53947058898901,-4.62216706947288,1.22521055441768e-05,0.000547121578839463,2.92791275094409
"204773_at",-1.12096099065975,8.10342762657365,-4.62105906877547,1.2305374648727e-05,0.000547389338288977,2.92380182943287
"201106_at",-1.16914037886655,9.99071460677426,-4.620608707453,1.23270906999509e-05,0.000547389338288977,2.92213106561965
"204351_at",1.07391734794482,8.71473898066149,4.61255548203282,1.27217420371847e-05,0.000562457495663863,2.89227194650259
"201983_s_at",-1.04698865014522,9.01335268828084,-4.60737201270705,1.2982210339152e-05,0.000571704729223962,2.87307011613514
"221521_s_at",1.13116767898419,7.96793553833695,4.58648041632449,1.40854042553723e-05,0.000612133591312168,2.79581422275679
"222162_s_at",-1.3340450811602,9.68967321155974,-4.58422909935614,1.42095721875023e-05,0.000614819217580805,2.78750199982304
"218773_s_at",-1.37525593841089,8.14471241251831,-4.54902781486951,1.62946447799289e-05,0.000691606799297439,2.65786446293052
"212464_s_at",1.33182974170123,10.6208829039323,4.5423948250779,1.67194174459589e-05,0.00070560374800815,2.63350684382921
"217437_s_at",-1.03035439029422,8.55523312430902,-4.53987996292286,1.68832548486631e-05,0.000711171205657391,2.62427761563012
"209896_s_at",-1.17226707662148,7.70220089289855,-4.53692052336155,1.70780469958388e-05,0.00071801909661939,2.61342095550354
"217853_at",-1.12022659340854,9.36633589180184,-4.52693560277234,1.77514482732253e-05,0.000744925653243462,2.57682427204998
"202007_at",-1.01930345694408,8.34353729911008,-4.49747087759896,1.98918580233475e-05,0.000825419501553541,2.46912696597314
"209487_at",-1.16200441440638,9.56438175711029,-4.49103575382148,2.03915059356752e-05,0.000843012851140353,2.44566500061279
"201041_s_at",-1.03422449282169,11.2112420058337,-4.47974971902675,2.12972662049524e-05,0.000877203295462023,2.4045685002903
"209189_at",-1.96988519919014,8.94598787879738,-4.46657714841367,2.24036885027393e-05,0.000918754446207886,2.35668567879091
"217865_at",-1.14130239179264,8.33260642693084,-4.46627436042277,2.24297634401602e-05,0.000918754446207886,2.35558608893373
"208451_s_at",1.0593502580526,9.71834568513007,4.43673876542628,2.5119337752613e-05,0.00101401123757514,2.24855526270097
"207977_s_at",-1.31691951857384,8.2468866795706,-4.41905394244542,2.68762480098949e-05,0.0010644209372343,2.18468731845802
"217022_s_at",1.88547096298604,8.62235589145283,4.40020661333718,2.88792183903989e-05,0.00112848061982231,2.11680205717489
"213620_s_at",-1.33980931531811,6.66318291394776,-4.39796993578234,2.912627710207e-05,0.00113069831474813,2.10875832350275
"210831_s_at",-1.09512332558048,8.29359688206562,-4.39409853422002,2.95587364101374e-05,0.00114350229761648,2.09484190867868
"204273_at",-1.13965216819771,8.18740960431209,-4.36155579635187,3.34474753450556e-05,0.00126538216148366,1.97817608826864
"201291_s_at",1.01514631617116,5.63947917176271,4.33232351263953,3.73580568878527e-05,0.00139438790893136,1.87386068999772
"204415_at",1.08471740400494,7.28329572952327,4.30286988566898,4.17426069267192e-05,0.00153998428832464,1.76922119802809
"208079_s_at",1.00351557797908,8.75448369735261,4.2987643048373,4.23918534755804e-05,0.00155532727648283,1.75467270366153
"209576_at",-1.26865803374335,8.53406746430665,-4.28771096521415,4.41885493864017e-05,0.00161225915516043,1.71554980830714
"201426_s_at",-1.25316028769272,10.8792698420951,-4.27418803071514,4.64866254016943e-05,0.00167344341490461,1.66777657148363
"208682_s_at",1.31289039802586,8.05189763629703,4.25712755265689,4.95505136043873e-05,0.00176379248346096,1.6076490013328
"207165_at",1.05972368709551,7.32902506357881,4.24001299372712,5.28190829459148e-05,0.00186524187842127,1.5474917785915
"214774_x_at",1.09802094287962,8.18410844474113,4.23935697889384,5.29484133745195e-05,0.00186685046712724,1.54518912203684
"222036_s_at",1.05857062377301,7.5478468738892,4.23310013215769,5.4197342194213e-05,0.00190485706011616,1.5232391324781
"201058_s_at",-1.00005586035127,7.28910812820135,-4.22611566130821,5.56250098962452e-05,0.00194582746549142,1.49876214484895
"209104_s_at",1.16465519509924,9.00326214138698,4.20169294317628,6.09072436683523e-05,0.00210418001653007,1.41338627110684
"209529_at",1.18624346912485,7.55835464714993,4.19550906558893,6.23194197225531e-05,0.00214631163783254,1.39182173501801
"211719_x_at",1.6867708719856,10.0770029436752,4.18598881825315,6.45552529096561e-05,0.00219679406256451,1.3586644021614
"201385_at",1.07608528893869,9.55414167300153,4.16529373395867,6.96846769989976e-05,0.00232452643348602,1.28676273258719
"216207_x_at",1.00595988966273,9.05260501936142,4.16252737140956,7.0399337166607e-05,0.00234485565034903,1.27716974502594
"213720_s_at",1.00102702028058,7.93576560326324,4.15726764382608,7.17776107243454e-05,0.00238363710845095,1.25894237422587
"214723_x_at",1.24993175610549,6.49405462742426,4.14644362721112,7.46960230871458e-05,0.00246951258523868,1.2214814431297
"212328_at",-1.22376386981954,9.3596511342225,-4.12834598520944,7.98319832273594e-05,0.00260142971819499,1.15899570562084
"212224_at",-1.09106982792652,7.11284382177401,-4.1181693217754,8.2867305705929e-05,0.00268781975697994,1.12394068149706
"218541_s_at",1.21696542033787,8.20835941803615,4.09499255894801,9.01991833631812e-05,0.00290449191167885,1.04432605704361
"220200_s_at",-1.01629423790207,7.61901629291351,-4.08837875135808,9.24031187051309e-05,0.00295472049700272,1.02166350224455
"202732_at",-1.00561651508803,8.39257211225618,-4.08832264582523,9.24220341251579e-05,0.00295472049700272,1.02147136145734
"217842_at",1.21085138198053,8.06072595622094,4.07021382280223,9.87253453219529e-05,0.00311600123202419,0.959550217492765
"204320_at",1.19988113602945,8.53939999976791,4.0564617212409,0.000103785574390129,0.00323901114024544,0.912653177450243
"204112_s_at",-1.11833247962647,8.16702244057901,-4.02911379646176,0.000114597406667682,0.00349326130338709,0.819718933521211
"204734_at",1.11075676240445,8.36452165140483,4.02098362427765,0.000118014479734658,0.00359250908733248,0.792175077515825
"204362_at",-1.22743852019683,6.80795650802564,-3.9460659251338,0.000154446957522727,0.0044811738990611,0.540199487060423
"209774_x_at",-1.02185275294259,8.43719357108858,-3.93585723493691,0.000160175788767821,0.00462930882115869,0.506122277367302
"201274_at",1.23745057279147,7.12319771661634,3.93127152284858,0.000162814788796967,0.00469340483669187,0.490835223485461
"221872_at",1.14564402926885,8.57240812965482,3.92891035706662,0.000164189761738427,0.00471660401804539,0.482968898221143
"207437_at",-1.1064790853279,4.77171321198176,-3.92879952211875,0.000164254576044663,0.00471660401804539,0.482599729074909
"219681_s_at",1.01300000995639,7.02179944842101,3.91601708029413,0.00017189585179334,0.00489815251344118,0.440073496527868
"201008_s_at",-1.13271742545484,8.31054155389218,-3.91195811237535,0.000174392538955014,0.00495030438921603,0.426590188575597
"211709_s_at",1.03244896922871,7.38923138629318,3.90950947537396,0.000175915423655711,0.00496821721840332,0.418460972692611
"204146_at",1.32823406754784,7.4923275981317,3.89169097135387,0.000187386225142686,0.00521289295237763,0.359414526374533
"214660_at",-1.0249172969902,6.9537614558681,-3.88438076405065,0.000192295972378289,0.00532289584162163,0.335245797846932
"203186_s_at",-1.37008929934076,8.97979351151331,-3.87900606372249,0.000195983884505398,0.00538921983241693,0.317496866928953
"206378_at",1.07885277021479,10.1201809840779,3.8261047753459,0.000236072174963058,0.00620819379035705,0.143741460990111
"209035_at",1.05879531059289,6.74598922466951,3.81369180125649,0.000246552571044199,0.00644071622576539,0.10321973346504
"209309_at",1.0996496577826,9.34721608611211,3.71342286444528,0.000349043608303889,0.00853537999568299,-0.220587829150261
"209459_s_at",1.37798871998723,6.20603287723192,3.70516184572596,0.000359091110570835,0.00873540089175756,-0.246984051013996
"203886_s_at",-1.03504808478774,8.14433331612151,-3.67832939050958,0.000393656111022118,0.00937162299348916,-0.33242186948531
"221765_at",1.06688799491109,6.47250506984443,3.6736790480621,0.000399959012973219,0.00949822348402573,-0.347182455504048
"213359_at",1.085609632768,7.95112906591644,3.67152608611572,0.000402909393576004,0.00955109576282351,-0.354011459574343
"201277_s_at",1.00604229267762,9.88522478991833,3.66969005224124,0.000405441772107973,0.00959072081516132,-0.359832853292465
"205407_at",-1.13520472524609,7.9173964857731,-3.65945548815858,0.000419837069590502,0.00977557933300433,-0.392243363341648
"204455_at",1.0007368483959,9.29060800895646,3.6470570909998,0.000437925785880763,0.010112228276457,-0.43141620229868
"201947_s_at",1.15618537947913,9.69314146718739,3.64046647211452,0.000447839714838385,0.01026874008564,-0.452199071527867
"201083_s_at",1.03002391870696,4.80301482857351,3.62885980504923,0.000465818537394026,0.010505905332744,-0.488731470803356
"217851_s_at",1.07995406847192,7.95900244350007,3.58707035874288,0.000536381943408745,0.0116153535908426,-0.619542553516514
"211896_s_at",-1.03407550843914,10.7406674650315,-3.56442971742299,0.000578724353138792,0.0123640601735299,-0.689937989841004
"209351_at",1.14802738244316,8.99714270859022,3.56282860861829,0.000581835487712741,0.0124186208550795,-0.694903528916793
"222209_s_at",-1.00105428841353,8.73334490478996,-3.54358686423475,0.000620483463390199,0.0130313223512948,-0.754446425359017
"219371_s_at",-1.11370798044454,9.57210390938341,-3.4683744132242,0.000796091938639682,0.0155744659075575,-0.984837376762935
"200821_at",1.02321513439626,8.54118646055914,3.37958388192401,0.00106361460440345,0.0194425957587547,-1.25193405002216
"204865_at",-1.13216860102729,6.45344017365339,-3.35965864872574,0.00113429403888064,0.0203998983602723,-1.31113556162355
"200736_s_at",-1.0578029098753,9.88184549839498,-3.27476548009873,0.00148781957221854,0.0248897023481574,-1.56029870091935
"206509_at",1.11342445769676,8.74939748836905,3.10706743707031,0.00250833386911441,0.035944182382943,-2.03759632482574
